date,series,value,src
2025-06-30,ea_rev_q,1671000000,FMP
2025-03-31,ea_rev_q,1895000000,FMP
2024-12-31,ea_rev_q,1883000000,FMP
2024-09-30,ea_rev_q,2025000000,FMP
2024-06-30,ea_rev_q,1660000000,FMP
2024-03-31,ea_rev_q,1779000000,FMP
2023-12-31,ea_rev_q,1945000000,FMP
2023-09-30,ea_rev_q,1914000000,FMP
2023-06-30,ea_rev_q,1924000000,FMP
2023-03-31,ea_rev_q,1874000000,FMP
2022-12-31,ea_rev_q,1881000000,FMP
2022-09-30,ea_rev_q,1904000000,FMP
2022-06-30,ea_rev_q,1767000000,FMP
2022-03-31,ea_rev_q,1825000000,FMP
2021-12-31,ea_rev_q,1789000000,FMP
2021-09-30,ea_rev_q,1826000000,FMP
2021-06-30,ea_rev_q,1551000000,FMP
2021-03-31,ea_rev_q,1346000000,FMP
2020-12-31,ea_rev_q,1673000000,FMP
2020-09-30,ea_rev_q,1151000000,FMP
2020-06-30,ea_rev_q,1459000000,FMP
2020-03-31,ea_rev_q,1387000000,FMP
2019-12-31,ea_rev_q,1593000000,FMP
2019-09-30,ea_rev_q,1348000000,FMP
2019-06-30,ea_rev_q,1209000000,FMP
2019-03-31,ea_rev_q,1238000000,FMP
2018-12-31,ea_rev_q,1289000000,FMP
2018-09-30,ea_rev_q,1286000000,FMP
2018-06-30,ea_rev_q,1137000000,FMP
2018-03-31,ea_rev_q,1582000000,FMP
2017-12-31,ea_rev_q,1160000000,FMP
2017-09-30,ea_rev_q,959000000,FMP
2017-06-30,ea_rev_q,1449000000,FMP
2017-03-31,ea_rev_q,1527000000,FMP
2016-12-31,ea_rev_q,1149000000,FMP
2016-09-30,ea_rev_q,898000000,FMP
2016-06-30,ea_rev_q,1271000000,FMP
2016-03-31,ea_rev_q,1308000000,FMP
2015-12-31,ea_rev_q,1070000000,FMP
2015-09-30,ea_rev_q,815000000,FMP
2015-06-30,ea_rev_q,1203000000,FMP
2015-03-31,ea_rev_q,1185000000,FMP
2014-12-31,ea_rev_q,1126000000,FMP
2014-09-30,ea_rev_q,990000000,FMP
2014-06-30,ea_rev_q,1214000000,FMP
2014-03-31,ea_rev_q,1123000000,FMP
2013-12-31,ea_rev_q,808000000,FMP
2013-09-30,ea_rev_q,695000000,FMP
2013-06-30,ea_rev_q,949000000,FMP
2013-03-31,ea_rev_q,1209000000,FMP
2012-12-31,ea_rev_q,922000000,FMP
2012-09-30,ea_rev_q,711000000,FMP
2012-06-30,ea_rev_q,955000000,FMP
2012-03-31,ea_rev_q,1368000000,FMP
2011-12-31,ea_rev_q,1061000000,FMP
2011-09-30,ea_rev_q,715000000,FMP
2011-06-30,ea_rev_q,999000000,FMP
2011-03-31,ea_rev_q,1090000000,FMP
2010-12-31,ea_rev_q,1053000000,FMP
2010-09-30,ea_rev_q,631000000,FMP
2010-06-30,ea_rev_q,815000000,FMP
2010-03-31,ea_rev_q,979000000,FMP
2009-12-31,ea_rev_q,1243000000,FMP
2009-09-30,ea_rev_q,788000000,FMP
2009-06-30,ea_rev_q,644000000,FMP
2009-03-31,ea_rev_q,860000000,FMP
2008-12-31,ea_rev_q,1654000000,FMP
2008-09-30,ea_rev_q,894000000,FMP
2008-06-30,ea_rev_q,804000000,FMP
2008-03-31,ea_rev_q,1128000000,FMP
2007-12-31,ea_rev_q,1503000000,FMP
2007-09-30,ea_rev_q,640000000,FMP
2007-06-30,ea_rev_q,395000000,FMP
2007-03-31,ea_rev_q,613000000,FMP
2006-12-31,ea_rev_q,1281000000,FMP
2006-09-30,ea_rev_q,784000000,FMP
2006-06-30,ea_rev_q,413000000,FMP
2006-03-31,ea_rev_q,641000000,FMP
2005-12-31,ea_rev_q,1270000000,FMP
2005-09-30,ea_rev_q,675000000,FMP
2005-06-30,ea_rev_q,365000000,FMP
2005-03-31,ea_rev_q,553780000,FMP
2004-12-31,ea_rev_q,1428000000,FMP
2004-09-30,ea_rev_q,715728000,FMP
2004-06-30,ea_rev_q,431641000,FMP
2004-03-31,ea_rev_q,598432000,FMP
2003-12-31,ea_rev_q,1475323000,FMP
2003-09-30,ea_rev_q,530005000,FMP
2003-06-30,ea_rev_q,353381000,FMP
2003-03-31,ea_rev_q,463130000,FMP
2002-12-31,ea_rev_q,1233726000,FMP
2002-09-30,ea_rev_q,453490000,FMP
2002-06-30,ea_rev_q,331898000,FMP
2002-03-31,ea_rev_q,469691000,FMP
2001-12-31,ea_rev_q,832878000,FMP
2001-09-30,ea_rev_q,240156000,FMP
2001-06-30,ea_rev_q,181950000,FMP
2001-03-31,ea_rev_q,307255000,FMP
2000-12-31,ea_rev_q,640319000,FMP
2000-09-30,ea_rev_q,219900000,FMP
2000-06-30,ea_rev_q,154799000,FMP
2000-03-31,ea_rev_q,294311000,FMP
1999-12-31,ea_rev_q,600700000,FMP
1999-09-30,ea_rev_q,338900000,FMP
1999-06-30,ea_rev_q,186120000,FMP
1999-03-31,ea_rev_q,277800000,FMP
1998-12-31,ea_rev_q,520200000,FMP
1998-09-30,ea_rev_q,245800000,FMP
1998-06-30,ea_rev_q,178200000,FMP
1998-03-31,ea_rev_q,204100000,FMP
1997-12-31,ea_rev_q,391200000,FMP
1997-09-30,ea_rev_q,189800000,FMP
1997-06-30,ea_rev_q,123700000,FMP
1997-03-31,ea_rev_q,143800000,FMP
1996-12-31,ea_rev_q,271100000,FMP
1996-09-30,ea_rev_q,129300000,FMP
1996-06-30,ea_rev_q,80600000,FMP
1996-03-31,ea_rev_q,118500000,FMP
1995-12-31,ea_rev_q,239700000,FMP
1995-09-30,ea_rev_q,93700000,FMP
1995-09-30,us_cpi,153.100,FRED
1995-12-31,us_cpi,153.900,FRED
1996-03-31,us_cpi,155.500,FRED
1996-06-30,us_cpi,156.700,FRED
1996-09-30,us_cpi,157.700,FRED
1996-12-31,us_cpi,159.100,FRED
1997-03-31,us_cpi,159.800,FRED
1997-06-30,us_cpi,160.200,FRED
1997-09-30,us_cpi,161.200,FRED
1997-12-31,us_cpi,161.800,FRED
1998-03-31,us_cpi,162.000,FRED
1998-06-30,us_cpi,162.800,FRED
1998-09-30,us_cpi,163.500,FRED
1998-12-31,us_cpi,164.400,FRED
1999-03-31,us_cpi,164.800,FRED
1999-06-30,us_cpi,166.000,FRED
1999-09-30,us_cpi,167.800,FRED
1999-12-31,us_cpi,168.800,FRED
2000-03-31,us_cpi,171.000,FRED
2000-06-30,us_cpi,172.200,FRED
2000-09-30,us_cpi,173.600,FRED
2000-12-31,us_cpi,174.600,FRED
2001-03-31,us_cpi,176.100,FRED
2001-06-30,us_cpi,177.700,FRED
2001-09-30,us_cpi,178.100,FRED
2001-12-31,us_cpi,177.400,FRED
2002-03-31,us_cpi,178.500,FRED
2002-06-30,us_cpi,179.600,FRED
2002-09-30,us_cpi,180.800,FRED
2002-12-31,us_cpi,181.800,FRED
2003-03-31,us_cpi,183.900,FRED
2003-06-30,us_cpi,183.100,FRED
2003-09-30,us_cpi,185.100,FRED
2003-12-31,us_cpi,185.500,FRED
2004-03-31,us_cpi,187.100,FRED
2004-06-30,us_cpi,188.900,FRED
2004-09-30,us_cpi,189.800,FRED
2004-12-31,us_cpi,191.700,FRED
2005-03-31,us_cpi,193.100,FRED
2005-06-30,us_cpi,193.700,FRED
2005-09-30,us_cpi,198.800,FRED
2005-12-31,us_cpi,198.100,FRED
2006-03-31,us_cpi,199.700,FRED
2006-06-30,us_cpi,201.800,FRED
2006-09-30,us_cpi,202.800,FRED
2006-12-31,us_cpi,203.100,FRED
2007-03-31,us_cpi,205.288,FRED
2007-06-30,us_cpi,207.234,FRED
2007-09-30,us_cpi,208.547,FRED
2007-12-31,us_cpi,211.445,FRED
2008-03-31,us_cpi,213.448,FRED
2008-06-30,us_cpi,217.463,FRED
2008-09-30,us_cpi,218.877,FRED
2008-12-31,us_cpi,211.398,FRED
2009-03-31,us_cpi,212.495,FRED
2009-06-30,us_cpi,214.790,FRED
2009-09-30,us_cpi,215.861,FRED
2009-12-31,us_cpi,217.347,FRED
2010-03-31,us_cpi,217.353,FRED
2010-06-30,us_cpi,217.199,FRED
2010-09-30,us_cpi,218.275,FRED
2010-12-31,us_cpi,220.472,FRED
2011-03-31,us_cpi,223.046,FRED
2011-06-30,us_cpi,224.806,FRED
2011-09-30,us_cpi,226.597,FRED
2011-12-31,us_cpi,227.223,FRED
2012-03-31,us_cpi,228.807,FRED
2012-06-30,us_cpi,228.524,FRED
2012-09-30,us_cpi,231.015,FRED
2012-12-31,us_cpi,231.221,FRED
2013-03-31,us_cpi,232.282,FRED
2013-06-30,us_cpi,232.445,FRED
2013-09-30,us_cpi,233.544,FRED
2013-12-31,us_cpi,234.719,FRED
2014-03-31,us_cpi,236.028,FRED
2014-06-30,us_cpi,237.231,FRED
2014-09-30,us_cpi,237.477,FRED
2014-12-31,us_cpi,236.252,FRED
2015-03-31,us_cpi,235.976,FRED
2015-06-30,us_cpi,237.657,FRED
2015-09-30,us_cpi,237.498,FRED
2015-12-31,us_cpi,237.761,FRED
2016-03-31,us_cpi,238.080,FRED
2016-06-30,us_cpi,240.222,FRED
2016-09-30,us_cpi,241.176,FRED
2016-12-31,us_cpi,242.637,FRED
2017-03-31,us_cpi,243.892,FRED
2017-06-30,us_cpi,244.163,FRED
2017-09-30,us_cpi,246.435,FRED
2017-12-31,us_cpi,247.805,FRED
2018-03-31,us_cpi,249.577,FRED
2018-06-30,us_cpi,251.018,FRED
2018-09-30,us_cpi,252.182,FRED
2018-12-31,us_cpi,252.767,FRED
2019-03-31,us_cpi,254.277,FRED
2019-06-30,us_cpi,255.213,FRED
2019-09-30,us_cpi,256.430,FRED
2019-12-31,us_cpi,258.630,FRED
2020-03-31,us_cpi,258.076,FRED
2020-06-30,us_cpi,257.042,FRED
2020-09-30,us_cpi,259.997,FRED
2020-12-31,us_cpi,262.045,FRED
2021-03-31,us_cpi,264.847,FRED
2021-06-30,us_cpi,270.710,FRED
2021-09-30,us_cpi,273.942,FRED
2021-12-31,us_cpi,280.806,FRED
2022-03-31,us_cpi,287.467,FRED
2022-06-30,us_cpi,295.072,FRED
2022-09-30,us_cpi,296.421,FRED
2022-12-31,us_cpi,298.808,FRED
2023-03-31,us_cpi,301.643,FRED
2023-06-30,us_cpi,304.099,FRED
2023-09-30,us_cpi,307.374,FRED
2023-12-31,us_cpi,308.735,FRED
2024-03-31,us_cpi,312.107,FRED
2024-06-30,us_cpi,313.131,FRED
2024-09-30,us_cpi,314.851,FRED
2024-12-31,us_cpi,317.603,FRED
2025-03-31,us_cpi,319.615,FRED
2025-06-30,us_cpi,321.500,FRED
1995-09-30,umich_sent,88.9,FRED
1995-12-31,umich_sent,91.0,FRED
1996-03-31,umich_sent,93.7,FRED
1996-06-30,umich_sent,92.4,FRED
1996-09-30,umich_sent,94.7,FRED
1996-12-31,umich_sent,96.9,FRED
1997-03-31,umich_sent,100.0,FRED
1997-06-30,umich_sent,104.5,FRED
1997-09-30,umich_sent,106.0,FRED
1997-12-31,umich_sent,102.1,FRED
1998-03-31,umich_sent,106.5,FRED
1998-06-30,umich_sent,105.6,FRED
1998-09-30,umich_sent,100.9,FRED
1998-12-31,umich_sent,100.5,FRED
1999-03-31,umich_sent,105.7,FRED
1999-06-30,umich_sent,107.3,FRED
1999-09-30,umich_sent,107.2,FRED
1999-12-31,umich_sent,105.4,FRED
2000-03-31,umich_sent,107.1,FRED
2000-06-30,umich_sent,106.4,FRED
2000-09-30,umich_sent,106.8,FRED
2000-12-31,umich_sent,98.4,FRED
2001-03-31,umich_sent,91.5,FRED
2001-06-30,umich_sent,92.6,FRED
2001-09-30,umich_sent,81.8,FRED
2001-12-31,umich_sent,88.8,FRED
2002-03-31,umich_sent,95.7,FRED
2002-06-30,umich_sent,92.4,FRED
2002-09-30,umich_sent,86.1,FRED
2002-12-31,umich_sent,86.7,FRED
2003-03-31,umich_sent,77.6,FRED
2003-06-30,umich_sent,89.7,FRED
2003-09-30,umich_sent,87.7,FRED
2003-12-31,umich_sent,92.6,FRED
2004-03-31,umich_sent,95.8,FRED
2004-06-30,umich_sent,95.6,FRED
2004-09-30,umich_sent,94.2,FRED
2004-12-31,umich_sent,97.1,FRED
2005-03-31,umich_sent,92.6,FRED
2005-06-30,umich_sent,96.0,FRED
2005-09-30,umich_sent,76.9,FRED
2005-12-31,umich_sent,91.5,FRED
2006-03-31,umich_sent,88.9,FRED
2006-06-30,umich_sent,84.9,FRED
2006-09-30,umich_sent,85.4,FRED
2006-12-31,umich_sent,91.7,FRED
2007-03-31,umich_sent,88.4,FRED
2007-06-30,umich_sent,85.3,FRED
2007-09-30,umich_sent,83.4,FRED
2007-12-31,umich_sent,75.5,FRED
2008-03-31,umich_sent,69.5,FRED
2008-06-30,umich_sent,56.4,FRED
2008-09-30,umich_sent,70.3,FRED
2008-12-31,umich_sent,60.1,FRED
2009-03-31,umich_sent,57.3,FRED
2009-06-30,umich_sent,70.8,FRED
2009-09-30,umich_sent,73.5,FRED
2009-12-31,umich_sent,72.5,FRED
2010-03-31,umich_sent,73.6,FRED
2010-06-30,umich_sent,76.0,FRED
2010-09-30,umich_sent,68.2,FRED
2010-12-31,umich_sent,74.5,FRED
2011-03-31,umich_sent,67.5,FRED
2011-06-30,umich_sent,71.5,FRED
2011-09-30,umich_sent,59.5,FRED
2011-12-31,umich_sent,69.9,FRED
2012-03-31,umich_sent,76.2,FRED
2012-06-30,umich_sent,73.2,FRED
2012-09-30,umich_sent,78.3,FRED
2012-12-31,umich_sent,72.9,FRED
2013-03-31,umich_sent,78.6,FRED
2013-06-30,umich_sent,84.1,FRED
2013-09-30,umich_sent,77.5,FRED
2013-12-31,umich_sent,82.5,FRED
2014-03-31,umich_sent,80.0,FRED
2014-06-30,umich_sent,82.5,FRED
2014-09-30,umich_sent,84.6,FRED
2014-12-31,umich_sent,93.6,FRED
2015-03-31,umich_sent,93.0,FRED
2015-06-30,umich_sent,96.1,FRED
2015-09-30,umich_sent,87.2,FRED
2015-12-31,umich_sent,92.6,FRED
2016-03-31,umich_sent,91.0,FRED
2016-06-30,umich_sent,93.5,FRED
2016-09-30,umich_sent,91.2,FRED
2016-12-31,umich_sent,98.2,FRED
2017-03-31,umich_sent,96.9,FRED
2017-06-30,umich_sent,95.0,FRED
2017-09-30,umich_sent,95.1,FRED
2017-12-31,umich_sent,95.9,FRED
2018-03-31,umich_sent,101.4,FRED
2018-06-30,umich_sent,98.2,FRED
2018-09-30,umich_sent,100.1,FRED
2018-12-31,umich_sent,98.3,FRED
2019-03-31,umich_sent,98.4,FRED
2019-06-30,umich_sent,98.2,FRED
2019-09-30,umich_sent,93.2,FRED
2019-12-31,umich_sent,99.3,FRED
2020-03-31,umich_sent,89.1,FRED
2020-06-30,umich_sent,78.1,FRED
2020-09-30,umich_sent,80.4,FRED
2020-12-31,umich_sent,80.7,FRED
2021-03-31,umich_sent,84.9,FRED
2021-06-30,umich_sent,85.5,FRED
2021-09-30,umich_sent,72.8,FRED
2021-12-31,umich_sent,70.6,FRED
2022-03-31,umich_sent,59.4,FRED
2022-06-30,umich_sent,50.0,FRED
2022-09-30,umich_sent,58.6,FRED
2022-12-31,umich_sent,59.8,FRED
2023-03-31,umich_sent,62.0,FRED
2023-06-30,umich_sent,64.2,FRED
2023-09-30,umich_sent,67.8,FRED
2023-12-31,umich_sent,69.7,FRED
2024-03-31,umich_sent,79.4,FRED
2024-06-30,umich_sent,68.2,FRED
2024-09-30,umich_sent,70.3,FRED
2024-12-31,umich_sent,74.0,FRED
2025-03-31,umich_sent,57.0,FRED
2025-06-30,umich_sent,60.7,FRED
1995-09-30,payrolls,117873,FRED
1995-12-31,payrolls,118325,FRED
1996-03-31,payrolls,118992,FRED
1996-06-30,payrolls,119770,FRED
1996-09-30,payrolls,120400,FRED
1996-12-31,payrolls,121143,FRED
1997-03-31,payrolls,121991,FRED
1997-06-30,payrolls,122816,FRED
1997-09-30,payrolls,123575,FRED
1997-12-31,payrolls,124549,FRED
1998-03-31,payrolls,125165,FRED
1998-06-30,payrolls,126076,FRED
1998-09-30,payrolls,126744,FRED
1998-12-31,payrolls,127595,FRED
1999-03-31,payrolls,128234,FRED
1999-06-30,payrolls,129084,FRED
1999-09-30,payrolls,129772,FRED
1999-12-31,payrolls,130783,FRED
2000-03-31,payrolls,131604,FRED
2000-06-30,payrolls,132062,FRED
2000-09-30,payrolls,132338,FRED
2000-12-31,payrolls,132716,FRED
2001-03-31,payrolls,132751,FRED
2001-06-30,payrolls,132299,FRED
2001-09-30,payrolls,131763,FRED
2001-12-31,payrolls,130983,FRED
2002-03-31,payrolls,130722,FRED
2002-06-30,payrolls,130673,FRED
2002-09-30,payrolls,130503,FRED
2002-12-31,payrolls,130465,FRED
2003-03-31,payrolls,130235,FRED
2003-06-30,payrolls,130185,FRED
2003-09-30,payrolls,130253,FRED
2003-12-31,payrolls,130589,FRED
2004-03-31,payrolls,131139,FRED
2004-06-30,payrolls,131794,FRED
2004-09-30,payrolls,132091,FRED
2004-12-31,payrolls,132629,FRED
2005-03-31,payrolls,133152,FRED
2005-06-30,payrolls,133947,FRED
2005-09-30,payrolls,134554,FRED
2005-12-31,payrolls,135158,FRED
2006-03-31,payrolls,136036,FRED
2006-06-30,payrolls,136335,FRED
2006-09-30,payrolls,136829,FRED
2006-12-31,payrolls,137249,FRED
2007-03-31,payrolls,137782,FRED
2007-06-30,payrolls,138069,FRED
2007-09-30,payrolls,138101,FRED
2007-12-31,payrolls,138395,FRED
2008-03-31,payrolls,138257,FRED
2008-06-30,payrolls,137698,FRED
2008-09-30,payrolls,136762,FRED
2008-12-31,payrolls,134847,FRED
2009-03-31,payrolls,132492,FRED
2009-06-30,payrolls,131007,FRED
2009-09-30,payrolls,130247,FRED
2009-12-31,payrolls,129808,FRED
2010-03-31,payrolls,129865,FRED
2010-06-30,payrolls,130509,FRED
2010-09-30,payrolls,130342,FRED
2010-12-31,payrolls,130830,FRED
2011-03-31,payrolls,131282,FRED
2011-06-30,payrolls,131931,FRED
2011-09-30,payrolls,132344,FRED
2011-12-31,payrolls,132888,FRED
2012-03-31,payrolls,133748,FRED
2012-06-30,payrolls,134012,FRED
2012-09-30,payrolls,134517,FRED
2012-12-31,payrolls,135074,FRED
2013-03-31,payrolls,135689,FRED
2013-06-30,payrolls,136279,FRED
2013-09-30,payrolls,136821,FRED
2013-12-31,payrolls,137373,FRED
2014-03-31,payrolls,137985,FRED
2014-06-30,payrolls,138849,FRED
2014-09-30,payrolls,139563,FRED
2014-12-31,payrolls,140364,FRED
2015-03-31,payrolls,140923,FRED
2015-06-30,payrolls,141709,FRED
2015-09-30,payrolls,142275,FRED
2015-12-31,payrolls,143077,FRED
2016-03-31,payrolls,143662,FRED
2016-06-30,payrolls,144146,FRED
2016-09-30,payrolls,144967,FRED
2016-12-31,payrolls,145408,FRED
2017-03-31,payrolls,145969,FRED
2017-06-30,payrolls,146583,FRED
2017-09-30,payrolls,147007,FRED
2017-12-31,payrolls,147523,FRED
2018-03-31,payrolls,148280,FRED
2018-06-30,payrolls,148959,FRED
2018-09-30,payrolls,149358,FRED
2018-12-31,payrolls,149809,FRED
2019-03-31,payrolls,150295,FRED
2019-06-30,payrolls,150839,FRED
2019-09-30,payrolls,151365,FRED
2019-12-31,payrolls,151795,FRED
2020-03-31,payrolls,150895,FRED
2020-06-30,payrolls,137671,FRED
2020-09-30,payrolls,141770,FRED
2020-12-31,payrolls,142548,FRED
2021-03-31,payrolls,144246,FRED
2021-06-30,payrolls,145828,FRED
2021-09-30,payrolls,147712,FRED
2021-12-31,payrolls,149781,FRED
2022-03-31,payrolls,151346,FRED
2022-06-30,payrolls,152353,FRED
2022-09-30,payrolls,153513,FRED
2022-12-31,payrolls,154336,FRED
2023-03-31,payrolls,155171,FRED
2023-06-30,payrolls,155871,FRED
2023-09-30,payrolls,156334,FRED
2023-12-31,payrolls,156930,FRED
2024-03-31,payrolls,157517,FRED
2024-06-30,payrolls,157915,FRED
2024-09-30,payrolls,158314,FRED
2024-12-31,payrolls,158942,FRED
2025-03-31,payrolls,159275,FRED
2025-06-30,payrolls,159439,FRED
1995-09-30,us_retail_sales,201337,FRED
1995-12-31,us_retail_sales,204032,FRED
1996-03-31,us_retail_sales,207650,FRED
1996-06-30,us_retail_sales,209474,FRED
1996-09-30,us_retail_sales,213233,FRED
1996-12-31,us_retail_sales,215690,FRED
1997-03-31,us_retail_sales,221189,FRED
1997-06-30,us_retail_sales,220233,FRED
1997-09-30,us_retail_sales,224509,FRED
1997-12-31,us_retail_sales,225236,FRED
1998-03-31,us_retail_sales,226889,FRED
1998-06-30,us_retail_sales,233207,FRED
1998-09-30,us_retail_sales,232308,FRED
1998-12-31,us_retail_sales,240140,FRED
1999-03-31,us_retail_sales,244687,FRED
1999-06-30,us_retail_sales,249329,FRED
1999-09-30,us_retail_sales,255029,FRED
1999-12-31,us_retail_sales,263311,FRED
2000-03-31,us_retail_sales,269019,FRED
2000-06-30,us_retail_sales,267750,FRED
2000-09-30,us_retail_sales,270523,FRED
2000-12-31,us_retail_sales,268338,FRED
2001-03-31,us_retail_sales,269820,FRED
2001-06-30,us_retail_sales,274474,FRED
2001-09-30,us_retail_sales,268652,FRED
2001-12-31,us_retail_sales,276302,FRED
2002-03-31,us_retail_sales,278079,FRED
2002-06-30,us_retail_sales,280426,FRED
2002-09-30,us_retail_sales,281064,FRED
2002-12-31,us_retail_sales,286646,FRED
2003-03-31,us_retail_sales,288177,FRED
2003-06-30,us_retail_sales,293671,FRED
2003-09-30,us_retail_sales,298921,FRED
2003-12-31,us_retail_sales,300702,FRED
2004-03-31,us_retail_sales,309471,FRED
2004-06-30,us_retail_sales,309127,FRED
2004-09-30,us_retail_sales,317446,FRED
2004-12-31,us_retail_sales,324672,FRED
2005-03-31,us_retail_sales,326179,FRED
2005-06-30,us_retail_sales,337219,FRED
2005-09-30,us_retail_sales,336600,FRED
2005-12-31,us_retail_sales,339895,FRED
2006-03-31,us_retail_sales,348357,FRED
2006-06-30,us_retail_sales,350795,FRED
2006-09-30,us_retail_sales,351240,FRED
2006-12-31,us_retail_sales,356367,FRED
2007-03-31,us_retail_sales,359415,FRED
2007-06-30,us_retail_sales,360234,FRED
2007-09-30,us_retail_sales,365178,FRED
2007-12-31,us_retail_sales,366569,FRED
2008-03-31,us_retail_sales,365164,FRED
2008-06-30,us_retail_sales,368926,FRED
2008-09-30,us_retail_sales,358991,FRED
2008-12-31,us_retail_sales,324767,FRED
2009-03-31,us_retail_sales,322634,FRED
2009-06-30,us_retail_sales,332227,FRED
2009-09-30,us_retail_sales,330998,FRED
2009-12-31,us_retail_sales,338736,FRED
2010-03-31,us_retail_sales,346974,FRED
2010-06-30,us_retail_sales,346516,FRED
2010-09-30,us_retail_sales,352179,FRED
2010-12-31,us_retail_sales,361979,FRED
2011-03-31,us_retail_sales,370775,FRED
2011-06-30,us_retail_sales,375587,FRED
2011-09-30,us_retail_sales,380042,FRED
2011-12-31,us_retail_sales,383985,FRED
2012-03-31,us_retail_sales,393698,FRED
2012-06-30,us_retail_sales,387901,FRED
2012-09-30,us_retail_sales,397681,FRED
2012-12-31,us_retail_sales,401093,FRED
2013-03-31,us_retail_sales,406223,FRED
2013-06-30,us_retail_sales,407921,FRED
2013-09-30,us_retail_sales,410044,FRED
2013-12-31,us_retail_sales,414812,FRED
2014-03-31,us_retail_sales,421230,FRED
2014-06-30,us_retail_sales,427305,FRED
2014-09-30,us_retail_sales,430189,FRED
2014-12-31,us_retail_sales,430110,FRED
2015-03-31,us_retail_sales,433647,FRED
2015-06-30,us_retail_sales,437951,FRED
2015-09-30,us_retail_sales,439867,FRED
2015-12-31,us_retail_sales,442149,FRED
2016-03-31,us_retail_sales,441856,FRED
2016-06-30,us_retail_sales,450237,FRED
2016-09-30,us_retail_sales,453056,FRED
2016-12-31,us_retail_sales,459305,FRED
2017-03-31,us_retail_sales,463674,FRED
2017-06-30,us_retail_sales,465130,FRED
2017-09-30,us_retail_sales,475724,FRED
2017-12-31,us_retail_sales,483586,FRED
2018-03-31,us_retail_sales,484110,FRED
2018-06-30,us_retail_sales,490228,FRED
2018-09-30,us_retail_sales,491507,FRED
2018-12-31,us_retail_sales,489113,FRED
2019-03-31,us_retail_sales,499292,FRED
2019-06-30,us_retail_sales,505251,FRED
2019-09-30,us_retail_sales,509282,FRED
2019-12-31,us_retail_sales,515866,FRED
2020-03-31,us_retail_sales,468324,FRED
2020-06-30,us_retail_sales,518038,FRED
2020-09-30,us_retail_sales,541302,FRED
2020-12-31,us_retail_sales,538548,FRED
2021-03-31,us_retail_sales,603581,FRED
2021-06-30,us_retail_sales,611950,FRED
2021-09-30,us_retail_sales,609671,FRED
2021-12-31,us_retail_sales,619938,FRED
2022-03-31,us_retail_sales,651027,FRED
2022-06-30,us_retail_sales,666113,FRED
2022-09-30,us_retail_sales,661854,FRED
2022-12-31,us_retail_sales,651763,FRED
2023-03-31,us_retail_sales,665071,FRED
2023-06-30,us_retail_sales,677117,FRED
2023-09-30,us_retail_sales,689403,FRED
2023-12-31,us_retail_sales,686277,FRED
2024-03-31,us_retail_sales,687641,FRED
2024-06-30,us_retail_sales,692449,FRED
2024-09-30,us_retail_sales,703079,FRED
2024-12-31,us_retail_sales,717662,FRED
2025-03-31,us_retail_sales,722572,FRED
2025-06-30,us_retail_sales,723033,FRED
1995-09-30,usd_gbp,1.5795,FRED
1995-12-31,usd_gbp,1.5535,FRED
1996-03-31,usd_gbp,1.5262,FRED
1996-06-30,usd_gbp,1.5529,FRED
1996-09-30,usd_gbp,1.5653,FRED
1996-12-31,usd_gbp,1.7123,FRED
1997-03-31,usd_gbp,1.6448,FRED
1997-06-30,usd_gbp,1.6650,FRED
1997-09-30,usd_gbp,1.6117,FRED
1997-12-31,usd_gbp,1.6427,FRED
1998-03-31,usd_gbp,1.6765,FRED
1998-06-30,usd_gbp,1.6695,FRED
1998-09-30,usd_gbp,1.6995,FRED
1998-12-31,usd_gbp,1.6628,FRED
1999-03-31,usd_gbp,1.6140,FRED
1999-06-30,usd_gbp,1.5765,FRED
1999-09-30,usd_gbp,1.6457,FRED
1999-12-31,usd_gbp,1.6150,FRED
2000-03-31,usd_gbp,1.5922,FRED
2000-06-30,usd_gbp,1.5130,FRED
2000-09-30,usd_gbp,1.4787,FRED
2000-12-31,usd_gbp,1.4955,FRED
2001-03-31,usd_gbp,1.4190,FRED
2001-06-30,usd_gbp,1.4077,FRED
2001-09-30,usd_gbp,1.4691,FRED
2001-12-31,usd_gbp,1.4543,FRED
2002-03-31,usd_gbp,1.4250,FRED
2002-06-30,usd_gbp,1.5245,FRED
2002-09-30,usd_gbp,1.5700,FRED
2002-12-31,usd_gbp,1.6095,FRED
2003-03-31,usd_gbp,1.5790,FRED
2003-06-30,usd_gbp,1.6529,FRED
2003-09-30,usd_gbp,1.6620,FRED
2003-12-31,usd_gbp,1.7842,FRED
2004-03-31,usd_gbp,1.8400,FRED
2004-06-30,usd_gbp,1.8126,FRED
2004-09-30,usd_gbp,1.8090,FRED
2004-12-31,usd_gbp,1.9160,FRED
2005-03-31,usd_gbp,1.8888,FRED
2005-06-30,usd_gbp,1.7930,FRED
2005-09-30,usd_gbp,1.7696,FRED
2005-12-31,usd_gbp,1.7188,FRED
2006-03-31,usd_gbp,1.7393,FRED
2006-06-30,usd_gbp,1.8491,FRED
2006-09-30,usd_gbp,1.8716,FRED
2006-12-31,usd_gbp,1.9586,FRED
2007-03-31,usd_gbp,1.9685,FRED
2007-06-30,usd_gbp,2.0063,FRED
2007-09-30,usd_gbp,2.0389,FRED
2007-12-31,usd_gbp,1.9843,FRED
2008-03-31,usd_gbp,1.9855,FRED
2008-06-30,usd_gbp,1.9906,FRED
2008-09-30,usd_gbp,1.7804,FRED
2008-12-31,usd_gbp,1.4619,FRED
2009-03-31,usd_gbp,1.4300,FRED
2009-06-30,usd_gbp,1.6452,FRED
2009-09-30,usd_gbp,1.6004,FRED
2009-12-31,usd_gbp,1.6167,FRED
2010-03-31,usd_gbp,1.5186,FRED
2010-06-30,usd_gbp,1.4947,FRED
2010-09-30,usd_gbp,1.5731,FRED
2010-12-31,usd_gbp,1.5392,FRED
2011-03-31,usd_gbp,1.6048,FRED
2011-06-30,usd_gbp,1.6067,FRED
2011-09-30,usd_gbp,1.5624,FRED
2011-12-31,usd_gbp,1.5537,FRED
2012-03-31,usd_gbp,1.5985,FRED
2012-06-30,usd_gbp,1.5686,FRED
2012-09-30,usd_gbp,1.6132,FRED
2012-12-31,usd_gbp,1.6262,FRED
2013-03-31,usd_gbp,1.5193,FRED
2013-06-30,usd_gbp,1.5210,FRED
2013-09-30,usd_gbp,1.6179,FRED
2013-12-31,usd_gbp,1.6574,FRED
2014-03-31,usd_gbp,1.6675,FRED
2014-06-30,usd_gbp,1.7105,FRED
2014-09-30,usd_gbp,1.6220,FRED
2014-12-31,usd_gbp,1.5578,FRED
2015-03-31,usd_gbp,1.4850,FRED
2015-06-30,usd_gbp,1.5727,FRED
2015-09-30,usd_gbp,1.5116,FRED
2015-12-31,usd_gbp,1.4746,FRED
2016-03-31,usd_gbp,1.4381,FRED
2016-06-30,usd_gbp,1.3242,FRED
2016-09-30,usd_gbp,1.3015,FRED
2016-12-31,usd_gbp,1.2337,FRED
2017-03-31,usd_gbp,1.2537,FRED
2017-06-30,usd_gbp,1.2995,FRED
2017-09-30,usd_gbp,1.3402,FRED
2017-12-31,usd_gbp,1.3529,FRED
2018-03-31,usd_gbp,1.4027,FRED
2018-06-30,usd_gbp,1.3197,FRED
2018-09-30,usd_gbp,1.3053,FRED
2018-12-31,usd_gbp,1.2763,FRED
2019-03-31,usd_gbp,1.3032,FRED
2019-06-30,usd_gbp,1.2704,FRED
2019-09-30,usd_gbp,1.2305,FRED
2019-12-31,usd_gbp,1.3269,FRED
2020-03-31,usd_gbp,1.2454,FRED
2020-06-30,usd_gbp,1.2369,FRED
2020-09-30,usd_gbp,1.2921,FRED
2020-12-31,usd_gbp,1.3662,FRED
2021-03-31,usd_gbp,1.3795,FRED
2021-06-30,usd_gbp,1.3806,FRED
2021-09-30,usd_gbp,1.3470,FRED
2021-12-31,usd_gbp,1.3500,FRED
2022-03-31,usd_gbp,1.3152,FRED
2022-06-30,usd_gbp,1.2162,FRED
2022-09-30,usd_gbp,1.1134,FRED
2022-12-31,usd_gbp,1.2077,FRED
2023-03-31,usd_gbp,1.2369,FRED
2023-06-30,usd_gbp,1.2709,FRED
2023-09-30,usd_gbp,1.2214,FRED
2023-12-31,usd_gbp,1.2743,FRED
2024-03-31,usd_gbp,1.2637,FRED
2024-06-30,usd_gbp,1.2640,FRED
2024-09-30,usd_gbp,1.3399,FRED
2024-12-31,usd_gbp,1.2521,FRED
2025-03-31,usd_gbp,1.2896,FRED
2025-06-30,usd_gbp,1.3722,FRED
1995-09-30,ust10y,6.17,FRED
1995-12-31,ust10y,5.58,FRED
1996-03-31,ust10y,6.34,FRED
1996-06-30,ust10y,6.73,FRED
1996-09-30,ust10y,6.72,FRED
1996-12-31,ust10y,6.43,FRED
1997-03-31,ust10y,6.92,FRED
1997-06-30,ust10y,6.51,FRED
1997-09-30,ust10y,6.12,FRED
1997-12-31,ust10y,5.75,FRED
1998-03-31,ust10y,5.67,FRED
1998-06-30,ust10y,5.44,FRED
1998-09-30,ust10y,4.44,FRED
1998-12-31,ust10y,4.65,FRED
1999-03-31,ust10y,5.25,FRED
1999-06-30,ust10y,5.81,FRED
1999-09-30,ust10y,5.90,FRED
1999-12-31,ust10y,6.45,FRED
2000-03-31,ust10y,6.03,FRED
2000-06-30,ust10y,6.03,FRED
2000-09-30,ust10y,5.80,FRED
2000-12-31,ust10y,5.12,FRED
2001-03-31,ust10y,4.93,FRED
2001-06-30,ust10y,5.42,FRED
2001-09-30,ust10y,4.60,FRED
2001-12-31,ust10y,5.07,FRED
2002-03-31,ust10y,5.42,FRED
2002-06-30,ust10y,4.86,FRED
2002-09-30,ust10y,3.63,FRED
2002-12-31,ust10y,3.83,FRED
2003-03-31,ust10y,3.83,FRED
2003-06-30,ust10y,3.54,FRED
2003-09-30,ust10y,3.96,FRED
2003-12-31,ust10y,4.27,FRED
2004-03-31,ust10y,3.86,FRED
2004-06-30,ust10y,4.62,FRED
2004-09-30,ust10y,4.14,FRED
2004-12-31,ust10y,4.24,FRED
2005-03-31,ust10y,4.50,FRED
2005-06-30,ust10y,3.94,FRED
2005-09-30,ust10y,4.34,FRED
2005-12-31,ust10y,4.39,FRED
2006-03-31,ust10y,4.86,FRED
2006-06-30,ust10y,5.15,FRED
2006-09-30,ust10y,4.64,FRED
2006-12-31,ust10y,4.71,FRED
2007-03-31,ust10y,4.65,FRED
2007-06-30,ust10y,5.03,FRED
2007-09-30,ust10y,4.59,FRED
2007-12-31,ust10y,4.04,FRED
2008-03-31,ust10y,3.45,FRED
2008-06-30,ust10y,3.99,FRED
2008-09-30,ust10y,3.85,FRED
2008-12-31,ust10y,2.25,FRED
2009-03-31,ust10y,2.71,FRED
2009-06-30,ust10y,3.53,FRED
2009-09-30,ust10y,3.31,FRED
2009-12-31,ust10y,3.85,FRED
2010-03-31,ust10y,3.84,FRED
2010-06-30,ust10y,2.97,FRED
2010-09-30,ust10y,2.53,FRED
2010-12-31,ust10y,3.30,FRED
2011-03-31,ust10y,3.47,FRED
2011-06-30,ust10y,3.18,FRED
2011-09-30,ust10y,1.92,FRED
2011-12-31,ust10y,1.89,FRED
2012-03-31,ust10y,2.23,FRED
2012-06-30,ust10y,1.67,FRED
2012-09-30,ust10y,1.65,FRED
2012-12-31,ust10y,1.78,FRED
2013-03-31,ust10y,1.87,FRED
2013-06-30,ust10y,2.52,FRED
2013-09-30,ust10y,2.64,FRED
2013-12-31,ust10y,3.04,FRED
2014-03-31,ust10y,2.73,FRED
2014-06-30,ust10y,2.53,FRED
2014-09-30,ust10y,2.52,FRED
2014-12-31,ust10y,2.17,FRED
2015-03-31,ust10y,1.94,FRED
2015-06-30,ust10y,2.35,FRED
2015-09-30,ust10y,2.06,FRED
2015-12-31,ust10y,2.27,FRED
2016-03-31,ust10y,1.78,FRED
2016-06-30,ust10y,1.49,FRED
2016-09-30,ust10y,1.60,FRED
2016-12-31,ust10y,2.45,FRED
2017-03-31,ust10y,2.40,FRED
2017-06-30,ust10y,2.31,FRED
2017-09-30,ust10y,2.33,FRED
2017-12-31,ust10y,2.40,FRED
2018-03-31,ust10y,2.74,FRED
2018-06-30,ust10y,2.85,FRED
2018-09-30,ust10y,3.05,FRED
2018-12-31,ust10y,2.69,FRED
2019-03-31,ust10y,2.41,FRED
2019-06-30,ust10y,2.00,FRED
2019-09-30,ust10y,1.68,FRED
2019-12-31,ust10y,1.92,FRED
2020-03-31,ust10y,0.70,FRED
2020-06-30,ust10y,0.66,FRED
2020-09-30,ust10y,0.69,FRED
2020-12-31,ust10y,0.93,FRED
2021-03-31,ust10y,1.74,FRED
2021-06-30,ust10y,1.45,FRED
2021-09-30,ust10y,1.52,FRED
2021-12-31,ust10y,1.52,FRED
2022-03-31,ust10y,2.32,FRED
2022-06-30,ust10y,2.98,FRED
2022-09-30,ust10y,3.83,FRED
2022-12-31,ust10y,3.88,FRED
2023-03-31,ust10y,3.48,FRED
2023-06-30,ust10y,3.81,FRED
2023-09-30,ust10y,4.59,FRED
2023-12-31,ust10y,3.88,FRED
2024-03-31,ust10y,4.20,FRED
2024-06-30,ust10y,4.36,FRED
2024-09-30,ust10y,3.81,FRED
2024-12-31,ust10y,4.58,FRED
2025-03-31,ust10y,4.23,FRED
2025-06-30,ust10y,4.24,FRED
1995-09-30,vix,12.74,FRED
1995-12-31,vix,12.52,FRED
1996-03-31,vix,18.88,FRED
1996-06-30,vix,13.68,FRED
1996-09-30,vix,16.95,FRED
1996-12-31,vix,20.92,FRED
1997-03-31,vix,22.14,FRED
1997-06-30,vix,21.53,FRED
1997-09-30,vix,22.91,FRED
1997-12-31,vix,24.01,FRED
1998-03-31,vix,24.22,FRED
1998-06-30,vix,19.71,FRED
1998-09-30,vix,40.95,FRED
1998-12-31,vix,24.42,FRED
1999-03-31,vix,23.26,FRED
1999-06-30,vix,21.09,FRED
1999-09-30,vix,25.41,FRED
1999-12-31,vix,24.64,FRED
2000-03-31,vix,24.11,FRED
2000-06-30,vix,19.54,FRED
2000-09-30,vix,20.57,FRED
2000-12-31,vix,26.85,FRED
2001-03-31,vix,28.64,FRED
2001-06-30,vix,19.06,FRED
2001-09-30,vix,31.93,FRED
2001-12-31,vix,23.80,FRED
2002-03-31,vix,17.40,FRED
2002-06-30,vix,25.40,FRED
2002-09-30,vix,39.69,FRED
2002-12-31,vix,28.62,FRED
2003-03-31,vix,29.15,FRED
2003-06-30,vix,19.52,FRED
2003-09-30,vix,22.72,FRED
2003-12-31,vix,18.31,FRED
2004-03-31,vix,16.74,FRED
2004-06-30,vix,14.34,FRED
2004-09-30,vix,13.34,FRED
2004-12-31,vix,13.29,FRED
2005-03-31,vix,14.02,FRED
2005-06-30,vix,12.04,FRED
2005-09-30,vix,11.92,FRED
2005-12-31,vix,12.07,FRED
2006-03-31,vix,11.39,FRED
2006-06-30,vix,13.08,FRED
2006-09-30,vix,11.98,FRED
2006-12-31,vix,11.56,FRED
2007-03-31,vix,14.64,FRED
2007-06-30,vix,16.23,FRED
2007-09-30,vix,18.00,FRED
2007-12-31,vix,22.50,FRED
2008-03-31,vix,25.61,FRED
2008-06-30,vix,23.95,FRED
2008-09-30,vix,39.39,FRED
2008-12-31,vix,40.00,FRED
2009-03-31,vix,44.14,FRED
2009-06-30,vix,26.35,FRED
2009-09-30,vix,25.61,FRED
2009-12-31,vix,21.68,FRED
2010-03-31,vix,17.59,FRED
2010-06-30,vix,34.54,FRED
2010-09-30,vix,23.70,FRED
2010-12-31,vix,17.75,FRED
2011-03-31,vix,17.74,FRED
2011-06-30,vix,16.52,FRED
2011-09-30,vix,42.96,FRED
2011-12-31,vix,23.40,FRED
2012-03-31,vix,15.50,FRED
2012-06-30,vix,17.08,FRED
2012-09-30,vix,15.73,FRED
2012-12-31,vix,18.02,FRED
2013-03-31,vix,12.70,FRED
2013-06-30,vix,16.86,FRED
2013-09-30,vix,16.60,FRED
2013-12-31,vix,13.72,FRED
2014-03-31,vix,13.88,FRED
2014-06-30,vix,11.57,FRED
2014-09-30,vix,16.31,FRED
2014-12-31,vix,19.20,FRED
2015-03-31,vix,15.29,FRED
2015-06-30,vix,18.23,FRED
2015-09-30,vix,24.50,FRED
2015-12-31,vix,18.21,FRED
2016-03-31,vix,13.95,FRED
2016-06-30,vix,15.63,FRED
2016-09-30,vix,13.29,FRED
2016-12-31,vix,14.04,FRED
2017-03-31,vix,12.37,FRED
2017-06-30,vix,11.18,FRED
2017-09-30,vix,9.51,FRED
2017-12-31,vix,11.04,FRED
2018-03-31,vix,19.97,FRED
2018-06-30,vix,16.09,FRED
2018-09-30,vix,12.12,FRED
2018-12-31,vix,25.42,FRED
2019-03-31,vix,13.71,FRED
2019-06-30,vix,15.08,FRED
2019-09-30,vix,16.24,FRED
2019-12-31,vix,13.78,FRED
2020-03-31,vix,53.54,FRED
2020-06-30,vix,30.43,FRED
2020-09-30,vix,26.37,FRED
2020-12-31,vix,22.75,FRED
2021-03-31,vix,19.40,FRED
2021-06-30,vix,15.83,FRED
2021-09-30,vix,23.14,FRED
2021-12-31,vix,17.22,FRED
2022-03-31,vix,20.56,FRED
2022-06-30,vix,28.71,FRED
2022-09-30,vix,31.62,FRED
2022-12-31,vix,21.67,FRED
2023-03-31,vix,18.70,FRED
2023-06-30,vix,13.59,FRED
2023-09-30,vix,17.52,FRED
2023-12-31,vix,12.45,FRED
2024-03-31,vix,13.01,FRED
2024-06-30,vix,12.44,FRED
2024-09-30,vix,16.73,FRED
2024-12-31,vix,17.35,FRED
2025-03-31,vix,22.28,FRED
2025-06-30,vix,16.73,FRED
1995-09-30,gaming_equipment_pce,156.839,FRED
1995-12-31,gaming_equipment_pce,157.944,FRED
1996-03-31,gaming_equipment_pce,159.665,FRED
1996-06-30,gaming_equipment_pce,164.689,FRED
1996-09-30,gaming_equipment_pce,166.329,FRED
1996-12-31,gaming_equipment_pce,169.035,FRED
1997-03-31,gaming_equipment_pce,170.572,FRED
1997-06-30,gaming_equipment_pce,172.416,FRED
1997-09-30,gaming_equipment_pce,176.298,FRED
1997-12-31,gaming_equipment_pce,179.242,FRED
1998-03-31,gaming_equipment_pce,183.885,FRED
1998-06-30,gaming_equipment_pce,188.662,FRED
1998-09-30,gaming_equipment_pce,194.653,FRED
1998-12-31,gaming_equipment_pce,198.239,FRED
1999-03-31,gaming_equipment_pce,202.687,FRED
1999-06-30,gaming_equipment_pce,208.552,FRED
1999-09-30,gaming_equipment_pce,213.541,FRED
1999-12-31,gaming_equipment_pce,218.906,FRED
2000-03-31,gaming_equipment_pce,228.745,FRED
2000-06-30,gaming_equipment_pce,229.732,FRED
2000-09-30,gaming_equipment_pce,231.905,FRED
2000-12-31,gaming_equipment_pce,233.053,FRED
2001-03-31,gaming_equipment_pce,231.431,FRED
2001-06-30,gaming_equipment_pce,233.224,FRED
2001-09-30,gaming_equipment_pce,233.983,FRED
2001-12-31,gaming_equipment_pce,241.094,FRED
2002-03-31,gaming_equipment_pce,244.67,FRED
2002-06-30,gaming_equipment_pce,244.597,FRED
2002-09-30,gaming_equipment_pce,244.015,FRED
2002-12-31,gaming_equipment_pce,245.811,FRED
2003-03-31,gaming_equipment_pce,245.953,FRED
2003-06-30,gaming_equipment_pce,253.24,FRED
2003-09-30,gaming_equipment_pce,265.22,FRED
2003-12-31,gaming_equipment_pce,273.451,FRED
2004-03-31,gaming_equipment_pce,278.477,FRED
2004-06-30,gaming_equipment_pce,283.482,FRED
2004-09-30,gaming_equipment_pce,287.464,FRED
2004-12-31,gaming_equipment_pce,289.946,FRED
2005-03-31,gaming_equipment_pce,298.766,FRED
2005-06-30,gaming_equipment_pce,306.733,FRED
2005-09-30,gaming_equipment_pce,308.485,FRED
2005-12-31,gaming_equipment_pce,311.619,FRED
2006-03-31,gaming_equipment_pce,324.842,FRED
2006-06-30,gaming_equipment_pce,322.888,FRED
2006-09-30,gaming_equipment_pce,324.896,FRED
2006-12-31,gaming_equipment_pce,332.653,FRED
2007-03-31,gaming_equipment_pce,333.065,FRED
2007-06-30,gaming_equipment_pce,336.84,FRED
2007-09-30,gaming_equipment_pce,342.24,FRED
2007-12-31,gaming_equipment_pce,344.615,FRED
2008-03-31,gaming_equipment_pce,335.346,FRED
2008-06-30,gaming_equipment_pce,339.256,FRED
2008-09-30,gaming_equipment_pce,330.097,FRED
2008-12-31,gaming_equipment_pce,307.545,FRED
2009-03-31,gaming_equipment_pce,304.326,FRED
2009-06-30,gaming_equipment_pce,293.574,FRED
2009-09-30,gaming_equipment_pce,295.573,FRED
2009-12-31,gaming_equipment_pce,296.593,FRED
2010-03-31,gaming_equipment_pce,297.282,FRED
2010-06-30,gaming_equipment_pce,298.652,FRED
2010-09-30,gaming_equipment_pce,298.262,FRED
2010-12-31,gaming_equipment_pce,300.253,FRED
2011-03-31,gaming_equipment_pce,303.383,FRED
2011-06-30,gaming_equipment_pce,304.889,FRED
2011-09-30,gaming_equipment_pce,305.706,FRED
2011-12-31,gaming_equipment_pce,307.433,FRED
2012-03-31,gaming_equipment_pce,311.04,FRED
2012-06-30,gaming_equipment_pce,309.931,FRED
2012-09-30,gaming_equipment_pce,311.746,FRED
2012-12-31,gaming_equipment_pce,314.568,FRED
2013-03-31,gaming_equipment_pce,323.372,FRED
2013-06-30,gaming_equipment_pce,320.286,FRED
2013-09-30,gaming_equipment_pce,322.589,FRED
2013-12-31,gaming_equipment_pce,322.998,FRED
2014-03-31,gaming_equipment_pce,325.197,FRED
2014-06-30,gaming_equipment_pce,330.779,FRED
2014-09-30,gaming_equipment_pce,334.906,FRED
2014-12-31,gaming_equipment_pce,336.319,FRED
2015-03-31,gaming_equipment_pce,335.481,FRED
2015-06-30,gaming_equipment_pce,336.325,FRED
2015-09-30,gaming_equipment_pce,340.178,FRED
2015-12-31,gaming_equipment_pce,346.045,FRED
2016-03-31,gaming_equipment_pce,350.591,FRED
2016-06-30,gaming_equipment_pce,354.323,FRED
2016-09-30,gaming_equipment_pce,357.225,FRED
2016-12-31,gaming_equipment_pce,355.957,FRED
2017-03-31,gaming_equipment_pce,364.792,FRED
2017-06-30,gaming_equipment_pce,373.942,FRED
2017-09-30,gaming_equipment_pce,376.433,FRED
2017-12-31,gaming_equipment_pce,387.575,FRED
2018-03-31,gaming_equipment_pce,405.693,FRED
2018-06-30,gaming_equipment_pce,405.114,FRED
2018-09-30,gaming_equipment_pce,405.709,FRED
2018-12-31,gaming_equipment_pce,404.293,FRED
2019-03-31,gaming_equipment_pce,413.125,FRED
2019-06-30,gaming_equipment_pce,427.301,FRED
2019-09-30,gaming_equipment_pce,437.916,FRED
2019-12-31,gaming_equipment_pce,438.293,FRED
2020-03-31,gaming_equipment_pce,440.31,FRED
2020-06-30,gaming_equipment_pce,474.25,FRED
2020-09-30,gaming_equipment_pce,529.239,FRED
2020-12-31,gaming_equipment_pce,541.023,FRED
2021-03-31,gaming_equipment_pce,565.987,FRED
2021-06-30,gaming_equipment_pce,598.513,FRED
2021-09-30,gaming_equipment_pce,587.329,FRED
2021-12-31,gaming_equipment_pce,608.656,FRED
2022-03-31,gaming_equipment_pce,613.423,FRED
2022-06-30,gaming_equipment_pce,604.851,FRED
2022-09-30,gaming_equipment_pce,609.326,FRED
2022-12-31,gaming_equipment_pce,597.116,FRED
2023-03-31,gaming_equipment_pce,619.515,FRED
2023-06-30,gaming_equipment_pce,627.864,FRED
2023-09-30,gaming_equipment_pce,641.243,FRED
2023-12-31,gaming_equipment_pce,643.414,FRED
2024-03-31,gaming_equipment_pce,647.757,FRED
2024-06-30,gaming_equipment_pce,660.418,FRED
2024-09-30,gaming_equipment_pce,666.504,FRED
2024-12-31,gaming_equipment_pce,680.25,FRED
2025-03-31,gaming_equipment_pce,681.71,FRED
2025-06-30,gaming_equipment_pce,689.857,FRED
